{"South America":{"GDP":5397.9400000000005,"POPULATION":488.52},"Oceania":{"GDP":2796.06,"POPULATION":46.95},"North America":{"GDP":39877.03,"POPULATION":944.4599999999999},"Asia":{"GDP":44473.37,"POPULATION":6623.680000000001},"Europe":{"GDP":21402.28,"POPULATION":538.79},"Africa":{"GDP":714.6800000000001,"POPULATION":107.2}}